Category,Picture
Maquillage Deluxe,https://shop.lrworld.com/lrshopStatic/images_NEW/catalog/categories/k15_07_Dekorative_Kosmetik.jpg
Maquillage Colours,https://shop.lrworld.com/lrshopStatic/images_NEW/catalog/categories/k15_07_colours_eyes.jpg
Parfums Femmes,https://shop.lrworld.com/lrshopStatic/images_NEW/catalog/categories/k15_07_parfum_ladies_design.jpg
Parfums Hommes,https://shop.lrworld.com/lrshopStatic/images_NEW/catalog/categories/k15_07_parfum_men_design.jpg
Living Moments,https://shop.lrworld.com/lrshopStatic/images_NEW/catalog/categories/k14_Living_Moments_FI_SE_DK_NO.jpg
Zeitgard,https://shop.lrworld.com/lrshopStatic/images_NEW/catalog/categories/k15_06_Zeitgard.jpg
Nanogold,https://shop.lrworld.com/lrshopStatic/images_NEW/catalog/categories/k14_Nanogold_TR.jpg
Serox,https://shop.lrworld.com/lrshopStatic/images_NEW/catalog/categories/k10_serox.jpg
Beauty Diamonds,https://shop.lrworld.com/lrshopStatic/images_NEW/catalog/categories/k11_beautyDiamonds.jpg
Powerlift,https://shop.lrworld.com/lrshopStatic/images_NEW/catalog/categories/k10_powerlift.jpg
Marcus Schenkenberg - Platinum,https://shop.lrworld.com/lrshopStatic/images_NEW/catalog/categories/k10_platinum.jpg
Racine,https://shop.lrworld.com/lrshopStatic/images_NEW/catalog/categories/k12_07_racine.jpg
Algetics,https://shop.lrworld.com/lrshopStatic/images_NEW/catalog/categories/k14_algetics_03.jpg
Microsilver,https://shop.lrworld.com/lrshopStatic/images_NEW/catalog/categories/k11_10_microsilver.jpg
Produits Capillaires,https://shop.lrworld.com/lrshopStatic/images_NEW/catalog/categories/k11_09_haarpflege.jpg
Aloe Vera,https://shop.lrworld.com/lrshopStatic/images_NEW/catalog/categories/aloe_vera.gif
