Name,Picture,PictureBig
Soupe aux pommes de terre &quot;Auberge&quot; BENEFLUX,https://shop.lrworld.com/lrshopStatic/images_NEW/products/GLOBAL/s/80208-111_90.jpg,https://shop.lrworld.com/lrshopStatic/images_NEW/products/GLOBAL/s/80208-111_lens.jpg
Soupe aux tomates „Méditerranée“ BENEFLUX,https://shop.lrworld.com/lrshopStatic/images_NEW/products/GLOBAL/s/80209-111_90.jpg,https://shop.lrworld.com/lrshopStatic/images_NEW/products/GLOBAL/s/80209-111_lens.jpg
Soupe aux légumes-curry „India“ BENEFLUX,https://shop.lrworld.com/lrshopStatic/images_NEW/products/GLOBAL/s/80210-111_90.jpg,https://shop.lrworld.com/lrshopStatic/images_NEW/products/GLOBAL/s/80210-111_lens.jpg
FA Fraise-banane Beneflux,https://shop.lrworld.com/lrshopStatic/images_NEW/products/GLOBAL/s/80201-211_90.jpg,https://shop.lrworld.com/lrshopStatic/images_NEW/products/GLOBAL/s/80201-211_lens.jpg
FA Shake Latte Macchiato BeNeF,https://shop.lrworld.com/lrshopStatic/images_NEW/products/GLOBAL/s/80203-211_90.jpg,https://shop.lrworld.com/lrshopStatic/images_NEW/products/GLOBAL/s/80203-211_lens.jpg
FA Shake Vanille BeNeFLux,https://shop.lrworld.com/lrshopStatic/images_NEW/products/GLOBAL/s/80280-11_90.jpg,https://shop.lrworld.com/lrshopStatic/images_NEW/products/GLOBAL/s/80280-11_lens.jpg
FA Vital aux céréales,https://shop.lrworld.com/lrshopStatic/images_NEW/products/GLOBAL/s/80295-11_90.jpg,https://shop.lrworld.com/lrshopStatic/images_NEW/products/GLOBAL/s/80295-11_lens.jpg
Figuactiv 3er Mix-Set BeNeLux,https://shop.lrworld.com/lrshopStatic/images_NEW/products/GLOBAL/s/80193-11_90.jpg,https://shop.lrworld.com/lrshopStatic/images_NEW/products/GLOBAL/s/80193-11_lens.jpg
FA Boîte de 6 barres &quot;Nougat&quot;,https://shop.lrworld.com/lrshopStatic/images_NEW/products/GLOBAL/s/80271-199_90.jpg,https://shop.lrworld.com/lrshopStatic/images_NEW/products/GLOBAL/s/80271-199_lens.jpg
Barre Caramel par 6 ,https://shop.lrworld.com/lrshopStatic/images_NEW/products/GLOBAL/s/80272-199_90.jpg,https://shop.lrworld.com/lrshopStatic/images_NEW/products/GLOBAL/s/80272-199_lens.jpg
Figuactiv barres fraise yaourt,https://shop.lrworld.com/lrshopStatic/images_NEW/products/GLOBAL/s/80284-199_90.jpg,https://shop.lrworld.com/lrshopStatic/images_NEW/products/GLOBAL/s/80284-199_lens.jpg
Set de 3 boîtes au choix,https://shop.lrworld.com/lrshopStatic/images_NEW/products/GLOBAL/s/80278-111_90.jpg,https://shop.lrworld.com/lrshopStatic/images_NEW/products/GLOBAL/s/80278-111_lens.jpg
Tisane amaigrissante BeNeFLux,https://shop.lrworld.com/lrshopStatic/images_NEW/products/GLOBAL/s/80205-11_90.jpg,https://shop.lrworld.com/lrshopStatic/images_NEW/products/GLOBAL/s/80205-11_lens.jpg
Figuactiv Linée + 3 ,https://shop.lrworld.com/lrshopStatic/images_NEW/products/GLOBAL/s/80380-99_90.jpg,https://shop.lrworld.com/lrshopStatic/images_NEW/products/GLOBAL/s/80380-99_lens.jpg
Set par 3 Figuactiv Linée + 3 ,https://shop.lrworld.com/lrshopStatic/images_NEW/products/GLOBAL/s/80381-99_90.jpg,https://shop.lrworld.com/lrshopStatic/images_NEW/products/GLOBAL/s/80381-99_lens.jpg
Figuactiv Protein Drink,https://shop.lrworld.com/lrshopStatic/images_NEW/products/GLOBAL/s/80550-11_90.jpg,https://shop.lrworld.com/lrshopStatic/images_NEW/products/GLOBAL/s/80550-11_lens.jpg
FA Shake Mango-Papaya,https://shop.lrworld.com/lrshopStatic/images_NEW/products/GLOBAL/s/80481-11_90.jpg,https://shop.lrworld.com/lrshopStatic/images_NEW/products/GLOBAL/s/80481-11_lens.jpg
